linkedin_id,mean,q10,q50,q90
googledeepmind,272.693359375,166.0,237.0,414.70000000000005
openai,111.1923828125,61.0,96.0,173.0
huggingface,50.6064453125,27.0,46.0,80.0
xai,35.76953125,17.0,31.0,59.0
mistralai,31.115234375,12.0,27.0,57.0
allen-ai,26.3798828125,9.0,24.0,48.0
perplexity-ai,13.96484375,6.0,13.0,23.0
midjourney,8.306640625,3.0,8.0,15.0
character-ai,7.7373046875,3.0,7.0,13.0
ai21,7.244140625,2.0,6.0,14.0
baidu-usa,5.310546875,1.0,5.0,11.0
lawzero,2.4033203125,0.0,2.0,5.0
