id,organization_name,Category_ML_Org,Source,headquarters_location,linkedin_id,total_headcount,filter_broad_yes,filter_strict_no,filter_broad_yes_strict_no,filter_non_english_keywords_CV,claude_total_employees,claude_total_rejected,claude_total_accepted,gpt5_total_employees,gpt5_total_rejected,gpt5_total_accepted,gemini_total_employees,gemini_total_rejected,gemini_total_accepted,LLM_count_within_3x_filter,max_headcount,max_population,max_percentage,talent_dense,stage_reached,category,Headquarters Location,Total Headcount,Organization Name,Stage Reached,Founded Date,country,subregion,ml_share,ml_share_lower80,ml_share_upper80,mean,q10,q50,q90,synthetic_mean,synthetic_q10,synthetic_q50,synthetic_q90,adjusted_synthetic_mean,adjusted_synthetic_q10,adjusted_synthetic_q50,adjusted_synthetic_q90,synthetic_adjustment_factor
1,NVIDIA,Established_ML_Org,Manual Selection,United States,nvidia,43000,3500.0,2500.0,974.0,27000,,,,,,,,,,False,True,True,True,False,,,United States,43000,NVIDIA,,1993,Unknown,Unknown,0.0,0.0,0.0,,,,,36.4189453125,2.0,19.0,76.0,29.136794529141362,1.6000899685110213,15.2008547008547,60.8034188034188,1.2499297160528535
2,Meta,Established_ML_Org,Manual Selection,United States,meta,70000,8800.0,4200.0,2100.0,39000,,,,,,,,,,False,True,True,True,False,,,United States,70000,Meta,,2004,Unknown,Unknown,0.0,0.0,0.0,,,,,63.6533203125,4.0,34.0,132.0,50.92551964722503,3.2001799370220425,27.201529464687358,105.6059379217274,1.2499297160528535
3,Microsoft,Established_ML_Org,Manual Selection,United States,microsoftresearch,22000,8200.0,4500.0,1200.0,80000,,,,,,,,,,False,True,True,True,False,,,United States,22000,Microsoft,,1975,Unknown,Unknown,0.0,0.0,0.0,,,,,88.3037109375,4.0,33.0,154.70000000000005,70.64694102669534,3.2001799370220425,26.40148448043185,123.76695906432752,1.2499297160528535
4,Amazon,Established_ML_Org,Manual Selection,United States,amazonscience,540000,11000.0,6700.0,1600.0,140000,,,,,,,,,,False,True,True,True,False,,,United States,540000,Amazon,,1994,Unknown,Unknown,0.0,0.0,0.0,,,,,178.8955078125,16.0,112.0,385.4000000000001,143.12445373123313,12.80071974808817,89.60503823661719,308.33733693207387,1.2499297160528535
5,OpenAI ,Established_ML_Org,Manual Selection,United States,openai,6500,671.0,391.0,175.0,3200,3744,3347,397.0,3743,3289,454.0,3699,2854,845.0,True,True,True,True,False,,,United States,6500,OpenAI ,,2015,Unknown,Unknown,0.0,0.0,0.0,111.1923828125,61.0,96.0,173.0,42.1181640625,7.0,32.0,87.0,33.69642590425382,5.600314889788574,25.60143949617634,69.60391363022941,1.2499297160528535
6,Google DeepMind,Established_ML_Org,Manual Selection,United Kingdom,googledeepmind,6500,1900.0,1100.0,801.0,3500,4310,3025,1285.0,4309,2979,1330.0,4262,2459,1803.0,True,True,True,True,False,,,United Kingdom,6500,Google DeepMind,,2010,Unknown,Unknown,0.0,0.0,0.0,272.693359375,166.0,237.0,414.70000000000005,85.7685546875,17.0,67.0,173.0,68.61870198457883,13.600764732343679,53.60301394511921,138.40778227620333,1.2499297160528535
7,Anthropic,Established_ML_Org,Manual Selection,United States,anthropic,2000,276.0,140.0,76.0,1200,,,,,,,,,,False,True,True,True,False,,,United States,2000,Anthropic,,2021,Unknown,Unknown,0.0,0.0,0.0,,,,,15.3701171875,2.0,12.0,33.0,12.29678516327879,1.6000899685110213,9.600539811066128,26.40148448043185,1.2499297160528535
8,xAI,Established_ML_Org,Manual Selection,United States,xai,3000,177.0,83.0,42.0,725,1110,1041,69.0,1111,1027,84.0,1096,873,223.0,True,True,True,True,False,,,United States,3000,xAI,,2023,Unknown,Unknown,0.0,0.0,0.0,35.76953125,17.0,31.0,59.0,12.3515625,2.0,10.0,26.0,9.881805625843455,1.6000899685110213,8.000449842555106,20.801169590643276,1.2499297160528535
9,AI2,Established_ML_Org,Manual Selection,United States,allen-ai,313,103.0,52.0,40.0,179,255,183,72.0,255,175,80.0,252,146,106.0,True,True,True,True,False,,,United States,313,AI2,,2014,Unknown,Unknown,0.0,0.0,0.0,26.3798828125,9.0,24.0,48.0,16.263671875,6.0,15.0,28.0,13.011669109171166,4.800269905533064,12.00067476383266,22.401259559154298,1.2499297160528535
10,Mila-Quebec Artificial Intelligence Institute,Established_ML_Org,Manual Selection,Canada,,872,424.0,163.0,130.0,682,,,,,,,,,,False,True,True,True,False,,,Canada,872,Mila-Quebec Artificial Intelligence Institute,,1993,Unknown,Unknown,0.0,0.0,0.0,,,,,0.0,0.0,0.0,0.0,0.0,0.0,0.0,0.0,1.2499297160528535
11,LawZero,Established_ML_Org,Manual Selection,Canada,lawzero,11,4.0,2.0,1.0,7,8,4,4.0,8,3,5.0,8,3,5.0,True,True,True,True,False,,,Canada,11,LawZero,,2025,Unknown,Unknown,0.0,0.0,0.0,2.4033203125,0.0,2.0,5.0,1.1142578125,0.0,1.0,3.0,0.8914563740581422,0.0,0.8000449842555106,2.400134952766532,1.2499297160528535
12,Thinking Machines Lab,Established_ML_Org,Manual Selection,United States,,67,22.0,15.0,12.0,40,,,,,,,,,,False,True,True,True,False,,,United States,67,Thinking Machines Lab,,2025,Unknown,Unknown,0.0,0.0,0.0,,,,,0.0,0.0,0.0,0.0,0.0,0.0,0.0,0.0,1.2499297160528535
13,Hugging Face,Established_ML_Org,Manual Selection,United States,huggingface,603,91.0,48.0,14.0,217,329,262,67.0,329,251,78.0,324,210,114.0,True,True,True,True,False,,,United States,603,Hugging Face,,2016,Unknown,Unknown,0.0,0.0,0.0,50.6064453125,27.0,46.0,80.0,20.6904296875,7.300000000000011,19.0,36.0,16.553274493575685,5.840328385065236,15.2008547008547,28.80161943319838,1.2499297160528535
14,Midjourney,Established_ML_Org,Manual Selection,United States,midjourney,171,16.0,15.0,7.0,79,88,77,11.0,88,75,13.0,88,68,20.0,True,True,True,True,False,,,United States,171,Midjourney,,2021,Unknown,Unknown,0.0,0.0,0.0,8.306640625,3.0,8.0,15.0,5.59765625,1.0,5.0,11.0,4.478376806399011,0.8000449842555106,4.000224921277553,8.800494826810617,1.2499297160528535
15,Cohere,Established_ML_Org,Manual Selection,Canada,cohere-ai,810,183.0,73.0,42.0,494,,,,,,,,,,False,True,True,True,False,,,Canada,810,Cohere,,2019,Unknown,Unknown,0.0,0.0,0.0,,,,,57.787109375,25.0,54.0,95.0,46.232287010093344,20.001124606387766,43.202429149797574,76.0042735042735,1.2499297160528535
16,Perplexity AI,Established_ML_Org,Manual Selection,United States,perplexity-ai,1000,135.0,25.0,7.0,532,569,555,14.0,569,551,18.0,564,500,64.0,True,True,True,True,False,,,United States,1000,Perplexity AI,,2022,Unknown,Unknown,0.0,0.0,0.0,13.96484375,6.0,13.0,23.0,4.9375,0.0,4.0,11.0,3.9502221097615835,0.0,3.2001799370220425,8.800494826810617,1.2499297160528535
17,Mistral AI,Established_ML_Org,Manual Selection,France,mistralai,440,80.0,52.0,32.0,305,293,232,61.0,292,219,73.0,290,190,100.0,True,True,True,True,False,,,France,440,Mistral AI,,2023,Unknown,Unknown,0.0,0.0,0.0,31.115234375,12.0,27.0,57.0,34.923828125,12.300000000000011,32.0,62.0,27.940633522407783,9.84055330634279,25.60143949617634,49.60278902384166,1.2499297160528535
18,Character.AI,Established_ML_Org,Manual Selection,United States,character-ai,207,20.0,9.0,3.0,68,132,123,9.0,132,122,10.0,132,107,25.0,True,True,True,True,False,,,United States,207,Character.AI,,2021,Unknown,Unknown,0.0,0.0,0.0,7.7373046875,3.0,7.0,13.0,4.763671875,1.0,4.0,9.0,3.8111517902327936,0.8000449842555106,3.2001799370220425,7.200404858299595,1.2499297160528535
19,AI21 Labs,Established_ML_Org,Manual Selection,Israel,ai21,250,17.0,24.0,8.0,34,221,204,17.0,221,198,23.0,218,180,38.0,True,True,True,True,False,,,Israel,250,AI21 Labs,,2017,Unknown,Unknown,0.0,0.0,0.0,7.244140625,2.0,6.0,14.0,8.4443359375,2.0,8.0,16.0,6.75584861216543,1.6000899685110213,6.400359874044085,12.80071974808817,1.2499297160528535
20,Baidu Research (Baidu USA),Established_ML_Org,Manual Selection,China,baidu-usa,238,14.0,7.0,3.0,73,162,156,6.0,162,150,12.0,156,130,26.0,True,True,True,True,False,,,China,238,Baidu Research (Baidu USA),,2000,Unknown,Unknown,0.0,0.0,0.0,5.310546875,1.0,5.0,11.0,4.5693359375,1.0,4.0,9.0,3.655674298175326,0.8000449842555106,3.2001799370220425,7.200404858299595,1.2499297160528535
